wdi_vc_btl_deth,wdi_ic_reg_durs,wdi_ic_reg_durs_fe,wdi_ic_reg_durs_ma,vdem_v2xel_regelec,vdem_v2x_feduni,vdem_v2xel_locelec,vdem_v2csreprss,wdi_ic_frm_metg_zs,vdem_v2x_execorr,ged_count_sb,vdem_v2elembcap,vdem_v2x_pubcorr,fvp_grpop200,vdem_v2xcs_ccsi,vdem_v2xdl_delib,vdem_v2xdd_i_pl,vdem_v2x_diagacc,vdem_v2xel_frefair,wdi_sp_pop_1564_ma_zs,wdi_sp_pop_1564_to_zs,wdi_ic_imp_tmbc,wdi_ic_imp_tmdc,wdi_gc_dod_totl_gd_zs,ged_best_os,wdi_ne_imp_gnfs_zs,wdi_ic_bus_dfrn_xq,wdi_tx_val_agri_zs_un,ged_count_os,ged_dummy_os,acled_count_os,wdi_ic_crd_prvt_zs,wdi_vc_idp_nwcv,wdi_vc_idp_tocv,m_yield,eg_express_coop,egq_express_coop,ged_dummy_sb,wdi_iq_cpa_tran_xq,wdi_sp_pop_0014_fe_zs,wdi_sp_pop_0014_ma_zs,wdi_sp_pop_0014_to_zs,wdi_sp_pop_dpnd,wdi_sp_pop_dpnd_yg,vdem_v2x_freexp_altinf,fvp_prop_senpart,wdi_ms_mil_xpnd_zs,wdi_si_pov_gaps,acled_dummy_sb,wdi_sl_tlf_totl_fe_zs,wdi_sh_sta_maln_fe_zs,icgcw_alerts,acled_count_sb,m_material_coop,m_diplom_coop,wdi_ic_bus_disc_xq,wdi_sh_sta_traf_p5,wdi_tx_val_tech_mf_zs,wdi_sm_pop_refg,m_threaten,m_showforce,m_assault,eg_demand,eg_showforce,egq_demand,egq_showforce,wdi_bx_gsr_mrch_cd,wdi_nv_ind_totl_cd,wdi_ny_gdp_mktp_kd_zg,wdi_ny_gdp_pcap_cd,fvp_grgdppercapita200,acled_dummy_ns,wdi_ny_gdp_pcap_kd_zg,wdi_ny_gdp_ngas_rt_zs,wdi_ne_gdi_totl_zs,vdem_v2x_mpi,wdi_nv_ind_manf_cd,wdi_dt_dod_pvlx_gn_zs,e_diplom_coop,e_material_coop,eg_material_coop,eq_diplom_coop,eq_material_coop,egq_material_coop,wdi_ic_crd_publ_zs,wdi_sm_pop_refg_or,vdem_v2mefemjrn,wdi_ms_mil_xpnd_gd_zs,eg_appeal,egq_appeal,wdi_iq_cpa_hres_xq,eq_appeal,wdi_sg_vaw_goes_zs,acled_dummy_os,wdi_ag_prd_crop_xd,wdi_iq_cpa_padm_xq,icgcw_deteriorated,eg_reject,egq_reject,eg_yield,m_express_coop,wdi_ic_cus_durs_ex,wdi_eg_use_elec_kh_pc,wdi_nv_srv_empl_kd,wdi_nv_srv_totl_kd,wdi_nv_srv_totl_kn,wdi_se_prm_enrr,wdi_sm_pop_netm,wdi_sp_pop_grow,wdi_sp_urb_grow,vdem_v2xex_elecleg,fvp_ssp2_urban_share_iiasa,vdem_v2x_api,vdem_v2x_egaldem,wdi_ny_adj_dfor_cd,wdi_se_sec_cmpt_lo_zs,wdi_se_prm_cmpt_zs,fvp_prop_diexpo,fvp_prop_discexclpowless,fvp_prop_discriminated,fvp_prop_powerless,wdi_ny_gdp_totl_rt_zs,wdi_ny_gdp_defl_zs,wdi_ny_gdp_defl_zs_ad,wdi_nv_agr_totl_cn,wdi_eg_elc_accs_zs,wdi_sp_dyn_le00_in,wdi_sp_dyn_le00_ma_in,wdi_sp_dyn_le00_fe_in,wdi_ic_frm_crim_zs,wdi_ic_frm_rsdv_zs,vdem_v2svdomaut,wdi_sp_pop_65up_ma_zs,vdem_v2clslavem,wdi_sp_pop_65up_to_zs,wdi_nv_ind_manf_cn,wdi_sp_pop_65up_fe_zs,wdi_sp_hou_fema_zs,e_fight,wdi_en_pop_slum_ur_zs,wdi_nv_agr_totl_kn,wdi_nv_mnf_chem_zs_un,wdi_ny_gdp_mktp_cn_ad,wdi_ny_gdp_mktp_pp_cd,wdi_ny_gdp_pcap_pp_cd,wdi_sl_srv_empl_zs,wdi_ny_gdp_fcst_cn,wdi_ny_gdp_mktp_cn,wdi_sh_dyn_aids_fe_zs,fvp_gdpcap_nonoilrent,wdi_ny_gdp_pcap_cn,wdi_nv_ind_totl_kd,wdi_nv_ind_totl_kn,wdi_eg_use_pcap_kg_oe,wdi_nv_agr_totl_zs,vdem_v2lgfemleg,wdi_sg_gen_parl_zs,vdem_v2x_ex_military,vdem_v2x_genpp,wdi_hd_hci_ovrl_fe,m_demand,wdi_ic_gov_durs_zs,vdem_v2x_gender,wdi_bx_gsr_insf_zs,m_consult,m_fight,e_express_coop,e_reject,eq_express_coop,eq_reject,wdi_dt_oda_odat_pc_zs,wdi_si_dst_04th_20,wdi_sl_uem_advn_ma_zs,m_disapprove,wdi_hd_hci_ovrl_ma,wdi_bx_gsr_ccis_zs,m_reduce_relat,eq_reduce_relat,wdi_ny_gdp_frst_rt_zs,wdi_iq_cpa_irai_xq,wdi_ic_frm_trng_zs,wdi_sp_dyn_wfrt,wdi_nv_agr_totl_kd_zg,m_coerce,e_showforce,e_coerce,eq_showforce,eq_coerce,egq_protest,wdi_ic_elc_outg,wdi_ic_frm_corr_zs,wdi_iq_cpa_envr_xq,vdem_v2xeg_eqdr,vdem_v2xpe_exlgender,fvp_ssp2_edu_sec_15_24_prop,wdi_nv_srv_totl_cd,wdi_sh_sta_bass_ru_zs,vdem_v2csgender,wdi_sp_pop_totl,wdi_sp_urb_totl_in_zs,fvp_population200,fvp_timeindep,fvp_timesincepreindepwar,wdi_sh_h2o_basw_ru_zs,wdi_sh_sta_bass_ur_zs,wdi_sh_h2o_basw_ur_zs,wdi_sh_h2o_basw_zs,fvp_ltimeindep,vdem_v2xeg_eqaccess,vdem_v2xpe_exlgeo,wdi_bx_gsr_tran_zs,wdi_ag_prd_lvsk_xd,wdi_ic_imp_csbc_cd,wdi_sg_vaw_1549_zs,wdi_iq_cpa_pubs_xq,wdi_nv_mnf_txtl_zs_un,wdi_vc_pkp_totl_un,wdi_nv_ind_manf_kd,wdi_nv_ind_manf_kn,wdi_se_adt_1524_lt_fe_zs,wdi_se_adt_1524_lt_zs,wdi_se_adt_litr_fe_zs,vdem_v2x_accountability,vdem_v2x_libdem,vdem_v2x_partipdem,vdem_v2x_veracc,fvp_prop_junpart,wdi_se_adt_litr_zs,wdi_iq_cpa_soci_xq,wdi_nv_ind_manf_kd_zg,wdi_ic_frm_durs,wdi_ic_frm_outg_zs,wdi_ic_frm_bnks_zs,wdi_ic_frm_bkwc_zs,vdem_v2x_polyarchy,vdem_v2x_regime_amb,wdi_se_adt_1524_lt_ma_zs,vdem_v2x_edcomp_thick,wdi_sl_uem_neet_ma_zs,wdi_sl_uem_neet_zs,wdi_sl_uem_neet_fe_zs,wdi_sh_sta_maln_ma_zs,vdem_v2x_horacc,wdi_se_enr_prim_fm_zs,wdi_nv_ind_empl_kd,vdem_v2xpe_exlecon,wdi_per_si_allsi_cov_q1_tot,wdi_per_si_allsi_cov_pop_tot,wdi_per_si_allsi_cov_q4_tot,wdi_sp_rur_totl_zg,vdem_v2x_neopat
10.2200022200022,10.8233738483739,11.0455905205905,2.5,1,0.5,1.13333333333333,0.566666666666667,1.93333333333333,32.693981018981,17.2987512487512,6.12777777777778,8.76258186258186,1.89484126984127,7.88826728826729,12.8708624708625,2.83916083916084,3.61600621600622,0,0,0.769230769230769,0.615384615384615,0,0,0,0,0,0,0,0,0,0,0,0,0,0,0,0,0,0,0,0,0,0,0,0,0,0,0,0,0,0,0,0,0,0,0,0,0,0,0,0,0,0,0,0,0,0,0,0,0,0,0,0,0,0,0,0,0,0,0,0,0,0,0,0,0,0,0,0,0,0,0,0,0,0,0,0,0,0,0,0,0,0,0,0,0,0,0,0,0,0,0,0,0,0,0,0,0,0,0,0,0,0,0,0,0,0,0,0,0,0,0,0,0,0,0,0,0,0,0,0,0,0,0,0,0,0,0,0,0,0,0,0,0,0,0,0,0,0,0,0,0,0,0,0,0,0,0,0,0,0,0,0,0,0,0,0,0,0,0,0,0,0,0,0,0,0,0,0,0,0,0,0,0,0,0,0,0,0,0,0,0,0,0,0,0,0,0,0,0,0,0,0,0,0,0,0,0,0,0,0,0,0,0,0,0,0,0,0,0,0,0,0,0,0,0,0,0,0,0,0,0,0,0,0,0,0,0,0,0
0,0,0,0,0,0,0,0,0,0.5,0,0,0,0,0,0,0,0,0,0,0,0,0,2.91666666666667,0,0,0,8.55,0.377777777777778,8.21111111111111,4.04444444444445,2.48888888888889,2.96666666666667,1.15555555555556,1.9,1.88888888888889,0,0,0,0,0,0,0,0,0,0,0,0,0,0,0,0,0,0,0,0,0,0,0,0,0,0,0,0,0,0,0,0,0,0,0,0,0,0,0,0,0,0,0,0,0,0,0,0,0,0,0,0,0,0,0,0,0,0,0,0,0,0,0,0,0,0,0,0,0,0,0,0,0,0,0,0,0,0,0,0,0,0,0,0,0,0,0,0,0,0,0,0,0,0,0,0,0,0,0,0,0,0,0,0,0,0,0,0,0,0,0,0,0,0,0,0,0,0,0,0,0,0,0,0,0,0,0,0,0,0,0,0,0,0,0,0,0,0,0,0,0,0,0,0,0,0,0,0,0,0,0,0,0,0,0,0,0,0,0,0,0,0,0,0,0,0,0,0,0,0,0,0,0,0,0,0,0,0,0,0,0,0,0,0,0,0,0,0,0,0,0,0,0,0,0,0,0,0,0,0,0,0,0,0,0,0,0,0,0,0,0,0,0,0,0
0,0,0,0,0,0,0,0,0,72,0,0,0,0,0,0,0,0,0,0,0,0,0,0,0,0,0,0,0,0,0,0,0,0,0,0,60.0671717171717,10.5878787878788,37.679797979798,37.9333333333333,38.8707070707071,36.6237373737374,40.2207070707071,10.4727272727273,11.4787878787879,4.12121212121212,1.67272727272727,0.431818181818182,2.3,19.9666666666667,0.924242424242424,22.6484848484848,0,0,0,0,0,0,0,0,0,0,0,0,0,0,0,0,0,0,0,0,0,0,0,0,0,0,0,0,0,0,0,0,0,0,0,0,0,0,0,0,0,0,0,0,0,0,0,0,0,0,0,0,0,0,0,0,0,0,0,0,0,0,0,0,0,0,0,0,0,0,0,0,0,0,0,0,0,0,0,0,0,0,0,0,0,0,0,0,0,0,0,0,0,0,0,0,0,0,0,0,0,0,0,0,0,0,0,0,0,0,0,0,0,0,0,0,0,0,0,0,0,0,0,0,0,0,0,0,0,0,0,0,0,0,0,0,0,0,0,0,0,0,0,0,0,0,0,0,0,0,0,0,0,0,0,0,0,0,0,0,0,0,0,0,0,0,0,0,0,0,0,0,0,0,0,0,0,0,0,0,0,0,0,0,0,0,0,0,0,0,0,0,0,0,0,0,0,0,0
0,0,0,0,0,0,0,0,0,53.75,0,0,0,0,0,0,0,0,0,0,0,0,0,1.16666666666667,0,0.5,0,31.3192918192918,5.05515873015873,2.4010989010989,0,0,0,0,0,0,46.9413308913309,0,0,0,0,0,0,0,0,0,0,0,0,0,0,22.8434371184371,0,0.6,39.6738095238095,3.58690476190476,50.6159951159951,3.15,0.503846153846154,1.28333333333333,14.114652014652,1.33461538461538,0.730769230769231,1.26153846153846,0.857692307692308,1.45,1.25,0.05,1.45,0.1,0.126923076923077,0.1,13.1662698412698,0,0,0.45,0.166666666666667,0,0,0,0,0,0,0,0,0,0,0,0,0,0,0,0,0,0,0,0,0,0,0,0,0,0,0,0,0,0,0,0,0,0,0,0,0,0,0,0,0,0,0,0,0,0,0,0,0,0,0,0,0,0,0,0,0,0,0,0,0,0,0,0,0,0,0,0,0,0,0,0,0,0,0,0,0,0,0,0,0,0,0,0,0,0,0,0,0,0,0,0,0,0,0,0,0,0,0,0,0,0,0,0,0,0,0,0,0,0,0,0,0,0,0,0,0,0,0,0,0,0,0,0,0,0,0,0,0,0,0,0,0,0,0,0,0,0,0,0,0,0,0,0,0,0,0,0,0,0,0,0,0,0,0,0,0,0,0,0,0,0,0,0,0,0,0,0,0,0,0,0,0,0
0,0,0,0,0,0,0,0,0,37.0156218781219,0,0,0,0,0,0,0,0,0,0,0,0,0,0,0,0,0,1,1.15652264402264,0.916666666666667,0,0.481818181818182,0.964102564102564,0,0,0,0,0,0,0,0,0,0,0,0,0,0,0,0,0,0,0,11.75,0,0,0,0,0,0,0,0,0,0,0,0,0,0,0,0,0,0,0,0,0,0,0,0,5.03901515151515,17.1890026640027,18.0605228105228,5.66515151515152,16.0870879120879,17.1581876456876,4.86078088578088,0.541666666666667,0.0833333333333333,57.1609931734932,5.86541375291375,6.56092657342657,1.06407342657343,16.699025974026,0.333333333333333,0.125,4.23787878787879,0,0,0,0,0,0,0,0,0,0,0,0,0,0,0,0,0,0,0,0,0,0,0,0,0,0,0,0,0,0,0,0,0,0,0,0,0,0,0,0,0,0,0,0,0,0,0,0,0,0,0,0,0,0,0,0,0,0,0,0,0,0,0,0,0,0,0,0,0,0,0,0,0,0,0,0,0,0,0,0,0,0,0,0,0,0,0,0,0,0,0,0,0,0,0,0,0,0,0,0,0,0,0,0,0,0,0,0,0,0,0,0,0,0,0,0,0,0,0,0,0,0,0,0,0,0,0,0,0,0,0,0,0,0,0,0,0,0,0,0,0,0,0,0,0,0,0,0,0,0,0,0,0,0,0,0,0
0,0,0,0,0,0,0,0,0,0,0,0,0,0,0,0,0,0,0,0,0,0,0,0,0,3.1,0,0,0,0,0,0,0,0.333333333333333,0,0,1.45833333333333,0,0,0,0,0,0,0,0,0,0,0.25,0,0,16.5,0,0,0,0,0,0,0,0,0,0,0,0,0,0,0,0,0,0,0,0,0,0,0,0,0,0,0,0,0,0,0,0,0,0,0,0,0,0,0,0,0,0,0,36.9916666666667,9.74166666666667,2.4,2.18333333333333,1.79166666666667,2.25,0,0,0,0,0,0,0,0,0,0,0,0,0,0,0,0,0,0,0,0,0,0,0,0,0,0,0,0,0,0,0,0,0,0,0,0,0,0,0,0,0,0,0,0,0,0,0,0,0,0,0,0,0,0,0,0,0,0,0,0,0,0,0,0,0,0,0,0,0,0,0,0,0,0,0,0,0,0,0,0,0,0,0,0,0,0,0,0,0,0,0,0,0,0,0,0,0,0,0,0,0,0,0,0,0,0,0,0,0,0,0,0,0,0,0,0,0,0,0,0,0,0,0,0,0,0,0,0,0,0,0,0,0,0,0,0,0,0,0,0,0,0,0,0,0,0,0,0,0,0,0
0,0,0,0,0,0,0,0,0,32,0,0,0,0,0,0,0,0,0,0,0,0,0,0,0,0,0,0,0,0,0,0,0,0,0,0,25.7140487909064,0,0,0,0,0,0,0,0,0,0,0,0,0,0,0,0,0,0,0,0,0,0,0,0,0,0,0,0,0,0,0,0,0,0,0,0,0,0,2.56818181818182,0,0,0,0,0,0,0,0,0,0,0,0,0,0,0,0,0,0,0,0,0,0,0,0,0,34.6216613365994,25.2186956361492,12.8686497326203,12.436252228164,43.8221780369613,33.1998127560434,27.7244400207636,30.0778388278388,16.1775463485603,47.0485475609702,0,0,4.12121212121212,0.909090909090909,36.5803921224974,11.5466214083474,11.5783336546494,11.6344308641135,11.0827009548759,13.3399267399267,11.8362229102167,11.2976264189887,8.76797385620915,14.3015651874785,11.3522531819745,13.124290505676,6.77777777777778,0,0,0,0,0,0,0,0,0,0,0,0,0,0,0,0,0,0,0,0,0,0,0,0,0,0,0,0,0,0,0,0,0,0,0,0,0,0,0,0,0,0,0,0,0,0,0,0,0,0,0,0,0,0,0,0,0,0,0,0,0,0,0,0,0,0,0,0,0,0,0,0,0,0,0,0,0,0,0,0,0,0,0,0,0,0,0,0,0,0,0,0,0,0,0,0,0,0,0,0,0,0,0,0,0,0,0,0,0,0,0,0,0,0,0,0,0,0,0,0,0,0,0
0,0,0,0,0,0,0,34.542587967588,0,1,0,0,0,0,0,0,0,0,0,0,0,0,0,0,0,0,0,0,0,0,0,0,0,0,0,0,6.55198135198135,0,0,0,0,0,0,0,0,0,0,0,0,0,0,0,0,0,26.9017787767788,0,0,0,0,0,0,0,0,0,0,0,0,0,0,0,0,0,0,0,0,0,0,0,0,0,0,0,0,0,19.4422105672106,0,0,0,0,0,0,0,0,0,0,0,0,0,0,0,0,0,0,0,0,0,0,0,0,0,19.0369075369075,0,0,0,0,0,0,0,0,0,0,0,0,0,0,0,0,0,37.4645049395049,39.1583388833389,41.160236985237,14.3362470862471,5.59848484848485,11.8449883449883,2.23076923076923,2.4965034965035,0,0,0,0,0,0,0,0,0,0,0,0,0,0,0,0,0,0,0,0,0,0,0,0,0,0,0,0,0,0,0,0,0,0,0,0,0,0,0,0,0,0,0,0,0,0,0,0,0,0,0,0,0,0,0,0,0,0,0,0,0,0,0,0,0,0,0,0,0,0,0,0,0,0,0,0,0,0,0,0,0,0,0,0,0,0,0,0,0,0,0,0,0,0,0,0,0,0,0,0,0,0,0,0,0,0,0,0,0,0,0,0,0,0,0
0,0,0,0,0,0,0,0,0,0,0,0,0,0,0,0,0,0,0,0,0,0,0,0,0,0,0,0,0,0,0,0,0,0,0,0,0,0,0,0,0,0,0,0,0,0,0,0,0,0,0,0,0,0,0,0,0,0,0,0,0,0,0,0,0,0,0,0,0,0,0,0,0,0,0,0,0,0,0,0,0,0,0,0,0,0,0,0,0,0,0,0,0,0,0,0,0,0,0.5,1,0,0,0,0,0,0,0,0,0,0,0,0,0,0,0,0,0,0,0,0,0,0,0,0,0,0,0,0,0,0,0,0,0,0,0,0,0,0,0,0,0,0,0,0,0,0,0,0,0,0,0,0,0,0,0,0,0,0,0,0,0,0,0,0,0,0,0,0,0,0,0,0,0,0,0,0,0,0,0,0,0,0,0,0,0,0,0,0,0,0,0,0,0,0,0,0,0,0,0,0,0,0,0,0,0,0,0,0,0,0,0,0,0,0,0,0,0,0,0,0,0,0,0,0,0,0,0,0,0,0,0,0,0,0,0,0,0,0,0,0,0,0,0,0,0,0,0,0,0,0,0
0,0,0,0,0,4.10775615688659,0,0,0,18.9375,0,0,0,0,0,0,0,0,27.3075952606643,22.2045953939496,0,0,17.38167728052,0,0,0,0,0,0,0,0,0,0,0,0,0,0,0,0,0,0,0,0,0,0,0,0,0,0,0,0,0,0,0,0,0,0,0,0,0,0,0,0,0,0,0,0,0,0,0,0,0,0,8.42852564102564,0,0,0,0,0,0,0,0,0,0,0,0,0,0,0,0,0,0,0,0,0,0,0,0,0,0,0,0,0,0,0,0,0,0,0,0,0,0,0,0,0,0,0,0,0,0,0,0.6875,6.47743664264125,14.5804318528871,0,0,0,0,0,0,0,0,0,0,0,0,24.7915876323165,0,18.3482689326871,0,6.56118754433972,16.2839317694241,10.1199161132985,11.040738085444,9.46657288789642,13.6306467147516,9.35254735460618,0,1.39735347772432,6.63151804291191,6.98117208878078,6.0700081078342,0.930753775210297,4.95025108949022,2.56913296848079,2.92146042363434,0.0434782608695652,4.63751697577785,0.158461538461538,1,5.1037703962704,0.125,0.272307692307692,0,0,0,0,0,0,0,0,0,0,0,0,0,0,0,0,0,0,0,0,0,0,0,0,0,0,0,0,0,0,0,0,0,0,0,0,0,0,0,0,0,0,0,0,0,0,0,0,0,0,0,0,0,0,0,0,0,0,0,0,0,0,0,0,0,0,0,0,0,0,0,0,0,0,0,0,0,0,0,0,0,0,0,0,0,0,0,0
0,0,0,0,0,0,0,0,0,64.1642777286353,0,0,0,0,0,0,0,0,0,0,0,0,0,0,0,0.6,0,0.05,0,0,0,0,0,0.757309941520468,8.2281131750946,8.87143102855177,15.3342707258342,0,0,0,0,0,0,0,0,0,0,0,0,0,0,56.063246351172,0,0.65,0,0,0,0,43.1355994152047,0,0,0,0,0,0,0,0,0,0,0,0,0,0,0,0,0,0.952380952380952,0,0,0,0,0,0,0,0.904761904761905,1.08333333333333,0,0,0,0,1.86453265516733,0,0,0,0,0,0,0,0,0,12.5509926777729,0,0,0,0,0,0,0,0,0,0,0,0,0,0,0,0,0,0,0,0,0,0,0,0,0,0,0,0,0,0,0,0,0,0,0,0,0,0,0,0,0,0,0,0,0,0,0,0,0,0,0,0,0,0,0,0,0,1.94444444444444,0,0,0,0,19.758672416335,5.81044215931987,8.71142930856553,10.3832774337805,8.08290333677331,10.4379754533392,9.43262199616689,2.03920217209691,2.23959162612413,5.44731252149983,0.973305813553491,25.1702380952381,0.75,1.20833333333333,1.44166666666667,0,0,0,0.958333333333333,0,0,0,0,0,0,0,0,0,0,0,0,0,0,0,0,0,0,0,0,0,0,0,0,0,0,0,0,0,0,0,0,0,0,0,0,0,0,0,0,0,0,0,0,0,0,0,0,0,0,0,0,0,0,0,0,0,0,0,0,0,0,0,0,0,0,0,0,0
0,0,0,0,1.25454545454545,0,0,0,0,58.2394383394384,0,0,0,0,0,0,0,0,0,0,0,0,0,0,16.6249250749251,0,0,12.8783494283494,25.4188751400557,0,0,0,0,0,0,0,0,0,0,0.4,0,0,0,0,0,0,0,0,0,0,0,31.320401561541,0,0,0,0,0,0,0,0,0,0,0,0,0,0,0,0,0,0,0,0,0,15.0209243658631,0,0.416666666666667,0,0,0,0,0,0,0,0,0,0,0,0,0,0,0,0,18.340656457331,0,0,0,0,0,0,0,0,0,0,2.41897233201581,1.56126482213439,0,0,0,0,0,0.434782608695652,0,0,34.2595729859796,0,0,0,0,0,0,0,0,0,0.990290041541892,28.9264580855946,0,0,0,0,0,0,0,0,0,0,0,6.26333010702374,0,0,0,0,0,0,0,0,0,0,15.3429619643006,0,0,0,0,0,0.130434782608696,0,0,0,0,0,0,0,0,0,0,0,0,0,0,0,0,0,0,0,0,0,0,0,0,0,0,0,0,15.9944222444222,2.67777777777778,33.8574342324342,2.88888888888889,34.1165834165834,2.94915084915085,0,0,0,2.003663003663,0.181818181818182,13.9967236253076,0.778053830227743,12.0142116121117,9.96411272504286,12.4611970715753,8.69615661256528,11.316663150941,11.5603799955597,10.0624485145282,9.17371987280454,10.2476045185427,1.15869565217391,1.48260869565217,5.6897233201581,2.35177865612648,0,0,0,0,0,0,0,0,0,0,0,0,0,0,0,0,0,0,0,0,0,0,0,0,0,0,0,0,0,0,0,0,0,0,0,0,0,0,0,0,0,0,0
0,0,0,0,0,0,0,0,0,2.17857142857143,0,0,0,0,0,0,0,0,0,0,0,0,0,5,0,0,0,0.75,2.5297619047619,2.83928571428571,0,0,0.75,0,0,0,0,0,0,0,0,0,0,0,0,0,0,0,0,0,0,0,0,0,0,0,0,0,0,0,0,0,0,0,0,0,0,0,0,0,0,5.14880952380952,0,0,0,0,0.660714285714286,0,0,0,0,0,0,0,0,0,0,0,0,0,0,0,0,0,0,0,0,0,0,0,0,0,0,0,0,0,0,0,0,0,0,0,0,0,0,0,0,0,0,0,0,0,0,0,0,0,0,0,0,0,0,0,0,0,0,0,0,0,0,0,0,0,0,0,0,0,0,0,0,0,0,0,0,0,0,0,0,0,0,0,0,0,0,0,0,0,0,0,0,0,0,0,0,0,0,0,0,0,0,0,0,0,0,0,0,0,0,0,0,0,0,0,0,0,0,0,0,0,0,0,0,0,0,0,0,0,0,0,1.14285714285714,0,0,0,0,0,0,0,0,0,0,0,0,0,0,0,0,0,0,0,0,0,0,0,0,0,0,0,0,0,0,0,0,0,0,0,0,0,0,0,0,0,0
0,0,0,0,0,0,0,0,0,7.10909090909091,0,0,0,0,0,0,0,0,0,0,7.59459013209013,0,0,0,0,0,0,0,10.3271797646798,24.1847763347763,0,0,19.6624764124764,0,0,0,2.98214285714286,0.858211233211233,0,0,0,0,0,0,0,0,0,0,0,0,0,8.81109307359307,0,0,0,0,0,0,0,0,0,0,0,0,0,0,0,0,0,0,0,14.1170634920635,0,0,0,0,0,0,0,0,0,0,0,0,24.326492951493,0,0,0,0,0,0,0,2.1968253968254,0,0,0,0,0,0,0,0,0,0,0,0,0,0,0,0,0,0,0,0,0,0,0,0,0,0,0,0,0,0,0,0,0,0,0,0,0,0,0,0,0,0,0,0,0,0,0,0,0,0,0,0,0,0,0,0,0,0,0,0,0,0,0,0,0,0,0,0,0,3.52142857142857,0,0,0,0,0,0,0,0,0,0,0,0,0,3.83766233766234,59.1607933732934,0,0,0,0,0,0,0,0,0,0,0,0,0,0,0,0,0,0,0,0,0,0,0,0,0,0,0,0,0,0,0,16.336235986236,13.1317918192918,7.23081363081363,3.81319375069375,0.353708791208791,14.2608974358974,0.6875,0,0,0,0,0,0,0,0,0,0,0,0,0,0,0,0,0,0,0,0,0,0,0,0,0,0,0,0,0,0,0,0,0,0,0
0,0,0,0,0,0,0,0,0,10,0,0,0,0,0,0,0,42.9775513585854,0,0,0,0,0,0,0,0,0,0,0,0.85448717948718,0,0,0,0,0,0,10.1769698092069,0,0,0,0,0,0,0,0,0,0,0,0,0,0,0.0909090909090909,0,0,0,0,0,0,0,0,0,0,0,0,0,0,0,0,0,0,0,0,0,0,35.2302008455258,0,0,0,0,0,0,0,0,0,0,0,0,0,0,1.38295983017345,0,0,0,0,0,0,0,0,0,0,0,0,0,0,0,0,0,0,0,0,0,7.37758246968773,38.0795126440727,0,0,0,0,0,0,0,0,0,0,0,0,0,0,0,34.544078141926,0,0,0,0,0,4.43103974483244,0,0,37.9833909246344,0,34.7750402436516,0,0,0,0,0,0,0,0,0,0,30.716761259242,34.1378255018489,0,0,0,0,0,0,0,0,38.6135933578212,0,0,0,0,0,0,0,0,0,0,0,0,0,0,0,0,0,0,34.4866704587192,0,0,0,0,0,0,0,0,35.7306282399638,34.0050389708614,27.6113523301939,0,0,0,0,0,0,0,0,0,0,0,0,0,0,0,0,0,0,0,0,0,0,0,0,0,49.4113758675614,47.5211566403996,32.1438894764384,36.9192437407308,34.0939935608055,25.128583781656,36.6874118358557,39.2411124858508,27.1148680809872,25.5271631525025,36.0287630915515,43.4788154043991,28.784501931351,32.0198155266445,35.9560289572828,31.9094346451789,34.1407294063277,29.8794484965872,21.7273856674012,1.82225535251851,20.9420093521049,3.57621636059385,3.2956525791449,3.07788553811629,0.866666666666667,0,0,0,0,0,0,0,0,0,0
0,0,0,0,0,0,0,0,0,71.7638888888889,0,0,0,0,0,0,0,0,0,0,0,0,0,0,0,0,0,0,0,0,0,0,0,0,0,0,63.0214285714285,0,0,0,0,0,0,0,0,0,0,0,0,0,0,0,0,0,0,0,0,0,0,0,0,0,0,0,0,0,0,0,0,0,0,0,0,0,0,0,0,0,0,0,0,0,0,0,0,0,0,0,0,0,0,0,0,0,0,0,0,0,0,0,0,0,0,0,0,25.1924603174603,0,0,0,0,0,0,0,0,0,20.2948412698413,0,0,0,0,0,0,0,0,0,0,0,0,0,0,0,0,0,0,0,0,0,0,30.5869047619048,0,0,0,0,0,0,0,0,0,0,0,0,0,0,0,0,0,0,0,0,0,0,0,0,0,0,0,0,0,0,0,0,0,0,0,0,0,0,0,0,0,0.142857142857143,0,0,0,0,0,0,0,0,0,0,0,0,0,0,0,0,0,0,0,0,0,0,0,0,0,0,0,0,0,0,0,0,0,0,0,0,0,0,0,0,0,0,0,0,0,0,0,0,0,0,0,0,0,0,0,0,0,0,0,0,7.59722222222222,24.4523809523809,26.0575396825397,11.8293650793651,0,0,0,0,0,0
0,0,0,0,0,0,0,0,0,18.9166666666667,0,0,0,0,0,0,0,0,0,0,0,0,0,0,0,0,0,0,0,0,0,0,0,0,0,0,0,0,0,0,0,0,0,0,0,0,0,0,0,0,0,20.8333333333333,0,0,0,0,0,0,0,0,0,0,0,0,0,0,0,0,0,0,0,0,0,0,0,0,0,0,0,0,0,0,0,0,0,0,0,0,0,0,0,0,0,0,0,0,0,0,0,0,0,0,0,0,0,0,0,0,0,0,0,0,0,0,0,0,0,0,0,0,0,0,0,0,0,0,0,0,0,0,0,0,0,0,0,0,0,0,0,0,0,0,0,0,0,0,0,0,0,0,0,0,0,0,0,0,0,0,0,0,0,0,0,0,0,0,0,0,0,0,0,0,0,0,0,0,0,0,0,0,0,0,0,0,0,0,0,0,0,0,0,0,0,0,0,0,0,0,0,0,0,0,0,0,0,0,0,0,0,0,0,0,0,0,0,0,0,0,0,0,0,0,0,0,0,0,0,0,0,0,0,0,0,0,0,0,0,0,0,0,0,0,0,0,0,1.75,0,0,0,0,0
16.9435224089636,19.943137254902,18.1243697478992,0,0,0,0,0,0,71.4666666666667,0,0,0,0,0,0,0,0,0,0,0,0,0,0,0,0,53.8824229691877,27.2509103641456,12.5053921568627,0,0,0,0,0,0,0,26.6601540616247,0,0,0,0,0,0,0,0,0,0,0,0,0,0,49.5671918767507,0,0,0,0,0,0,0,0,0,0,0,0,0,0,0,0,0,0,0,0,0,0,0,0,0,0,0,0,0,0,0,0,54.015406162465,0,0,0,0,0,0,0,0,0,0,0,0,0,0,0,0,0,0,0,0,0,0,0,1.51470588235294,0,0,0,0,0,0,0,0,0,6.8186274509804,0,0,0,0,0,0,0,0,0,0,0,0,0,0,29.5410014005602,0,4.83455882352941,0,0,0,0,0,0,0,0,0,0,0,0,0,0,0,0,0,0,0,0,0,0,0,0,0,0,0,0,0,0,0,0,0,0,0,0,0,0,0,0,0,0,6.45955882352941,0,0,0,0,0,0,0,0,0,0,0,0,0,0,0,0,0,0,0,0,0,0,0,0,0,0,0,0,0,0,0,0,0,0,0,0,0,0,0,0,0,0,0,0,0,0,0,0,0,0,0,0,0,0,0,0,0,0,0,0,0,0,0,0,0,0,0,52.718837535014,52.3798669467787,1.27573529411765,27.8103291316526,0.5
